use jcase4db;
INSERT INTO BOOK VALUES (1111111111111,1,"Calculus AB BC","Math",2000-01-02,"Pearson Education",325);
INSERT INTO BOOK VALUES (2222222222222,1,"Cities of the USA","Travel",2017-03-04,"Santa Monica Press",130);
INSERT INTO BOOK VALUES (1111111111111,2,"Calculus AB BC","Math",2000-01-01,"Pearson Education",325);
INSERT INTO BOOK VALUES (3333333333333,1,"Introduction to Psychology","Science",2004-08-15,"American Psychology Association",272);
INSERT INTO BOOK VALUES (3333333333333,2,"Introduction to Psychology","Science",2004-08-15,"American Psychology Association",272);
INSERT INTO BOOK VALUES (3333333333333,3,"Introduction to Psychology","Science",2004-08-15,"American Psychology Association",272);
INSERT INTO BOOK VALUES (1231231231231,1,"A Girl in Love","Romance",1990-05-05,"Carina Press",150);
INSERT INTO BOOK VALUES (8888888888888,1,"Itsy Bitsy Spider","Childrens",2002-08-08,"Adarna House",30);
INSERT INTO BOOK VALUES (8888888888881,1,"Goodnight Moon","Childrens",2001-02-03,"Adarna House",40);
INSERT INTO BOOK VALUES (7777777777777,1,"American History","History",2018-01-02,"Air University Press",201);
INSERT INTO BOOK VALUES (7777777777777,2,"American History","History",2018-01-02,"Air University Press",201);
INSERT INTO BOOK VALUES (4444444444444,1,"All Music Guide to Jazz","Encyclopedia",1999-03-15,"IGI Global",550);
INSERT INTO BOOK VALUES (4444444444441,1,"Atlas of Prehistoric World","Encyclopedia",1995-05-08,"IGI Global",600);
INSERT INTO BOOK VALUES (4444444444442,1,"Conspiracy Encyclopedia","Encyclopedia",1992-06-18,"World Book",765);
INSERT INTO REF_BOOK VALUES (4444444444444,1);
INSERT INTO REF_BOOK VALUES (4444444444441,1);
INSERT INTO REF_BOOK VALUES (4444444444442,1);
INSERT INTO AUTHOR VALUES (1111111111111,1,"John","M","Smith");
INSERT INTO AUTHOR VALUES (1111111111111,2,"John","M","Smith");
INSERT INTO AUTHOR VALUES (2222222222222,1,"Mike","P","Jones");
INSERT INTO AUTHOR VALUES (3333333333333,1,"Sally","S","Sup");
INSERT INTO AUTHOR VALUES (3333333333333,2,"Sally","S","Sup");
INSERT INTO AUTHOR VALUES (3333333333333,3,"Sally","S","Sup");
INSERT INTO AUTHOR VALUES (1231231231231,1,"Peyton","M","Manning");
INSERT INTO FLOOR VALUES (2,0);
INSERT INTO FLOOR VALUES (3,0);
INSERT INTO FLOOR VALUES (4,1);
INSERT INTO FLOOR VALUES (5,1);
INSERT INTO TU_AFFILIATE VALUES (1234567,4105557777,"Joey","J","Case");
INSERT INTO TU_AFFILIATE VALUES (1234566,4106667777,"Jermey","J","Keith"); 
INSERT INTO TU_AFFILIATE VALUES (1234555,4102226666,"Bart","B","Allen"); 
INSERT INTO TU_AFFILIATE VALUES (1234444,4103435555,"Maggie","Z","Zuelsdorf"); 
INSERT INTO TU_AFFILIATE VALUES (1233333,4109878888,"Emily","E","Vogel"); 
INSERT INTO TU_AFFILIATE VALUES (1222222,4104444444,"Andrew","A","Scott");
INSERT INTO TU_AFFILIATE VALUES (1111111,4103333333,"Bill","B","Hellman");
INSERT INTO TU_AFFILIATE VALUES (2222222,4103131313,"Carl","C","Olson");
INSERT INTO TU_AFFILIATE VALUES (2121212,4103232323,"Adam","Z","Zukowski");
INSERT INTO DEPART VALUES (1,"Administration",1222222);
INSERT INTO DEPART VALUES (2,"Access and Outreach Services",1233333);
INSERT INTO DEPART VALUES (3,"Content Management",1234444);
INSERT INTO DEPART VALUES (4,"Research Instruction",1234555);
INSERT INTO LIB_STAFF VALUES (1222222,2,1);
INSERT INTO LIB_STAFF VALUES (1233333,2,2);
INSERT INTO LIB_STAFF VALUES (1234444,2,3);
INSERT INTO LIB_STAFF VALUES (1234555,2,4);
INSERT INTO LIB_STAFF VALUES (1111111,3,2);
INSERT INTO LIB_STAFF VALUES (2222222,3,2);
INSERT INTO LIB_STAFF VALUES (2121212,3,2);
INSERT INTO AS_LIBRARIAN VALUES (1222222,1);
INSERT INTO AS_LIBRARIAN VALUES (1233333,2);
INSERT INTO AS_LIBRARIAN VALUES (1234444,3);
INSERT INTO AS_LIBRARIAN VALUES (1234555,4);
INSERT INTO STUDENT_WORKER VALUES (1111111);
INSERT INTO STUDENT_WORKER VALUES (2222222);
INSERT INTO STUDENT_WORKER VALUES (2121212);
INSERT INTO NREF_BOOK VALUES (1111111111111,1,NULL,NULL,NULL,NULL,NULL,NULL,1222222,"University of Maryland","University",3014051000,1111111);
INSERT INTO NREF_BOOK VALUES (2222222222222,1,NULL,NULL,NULL,NULL,NULL,NULL,1233333,"University of Maryland","University",3014051000,2222222);
INSERT INTO NREF_BOOK VALUES (1111111111111,2,NULL,NULL,NULL,NULL,NULL,NULL,1222222,"University of Maryland","University",3014051000,2222222);
INSERT INTO NREF_BOOK VALUES (3333333333333,1,NULL,NULL,NULL,NULL,NULL,NULL,1234555,"Amazon","Non University",8882804331,2121212);
INSERT INTO NREF_BOOK VALUES (3333333333333,2,NULL,NULL,NULL,NULL,NULL,NULL,1234555,"Amazon","Non University",8882804331,2121212);
INSERT INTO NREF_BOOK VALUES (3333333333333,3,NULL,NULL,NULL,NULL,NULL,NULL,1234555,"Amazon","Non University",8882804331,2121212);
INSERT INTO NREF_BOOK VALUES (1231231231231,1,NULL,NULL,NULL,NULL,NULL,NULL,1234444,"Barnes & Noble","Non University",4106625850,2222222);
INSERT INTO NREF_BOOK VALUES (8888888888888,1,NULL,NULL,NULL,NULL,NULL,NULL,1234444,"Amazon","Non University",8882804331,2222222);
INSERT INTO NREF_BOOK VALUES (8888888888881,1,NULL,NULL,NULL,NULL,NULL,NULL,1222222,"Barnes & Noble","Non University",4106625850,1111111);
INSERT INTO NREF_BOOK VALUES (7777777777777,1,NULL,NULL,NULL,NULL,NULL,NULL,1233333,"UMBC","University",4104551000,2121212);
INSERT INTO NREF_BOOK VALUES (7777777777777,2,NULL,NULL,NULL,NULL,NULL,NULL,1233333,"UMBC","University",4104551000,1111111);
INSERT INTO NREF_BOOK VALUES (4444444444444,1,NULL,NULL,NULL,NULL,NULL,NULL,2222222,"Midpoint Trade Books","Non University",2127270190,1111111);
INSERT INTO NREF_BOOK VALUES (4444444444441,1,NULL,NULL,NULL,NULL,NULL,NULL,2222222,"Midpoint Trade Books","Non University",2127270190,2222222); 
INSERT INTO NREF_BOOK VALUES (4444444444442,1,NULL,NULL,NULL,NULL,NULL,NULL,2222222,"Midpoint Trade Books","Non University",2127270190,1111111);
  
